,TP_Rate,FP_Rate,F1-score,AUC
DecisionTree,0.85,0.0105,0.8252427184466019,0.9197500000000001
Bagging,0.82,0.0025,0.8770053475935828,0.972275
AdaBoost,0.87,0.0035,0.8969072164948454,0.9983625
GradientBoosting,0.84,0.002,0.8936170212765957,0.996445
RandomForest,0.85,0.001,0.9090909090909091,0.9976775
NaiveBayes,0.33,0.0,0.49624060150375937,0.774715
